City,Lat,Lng,Max Temp,Humidity,Cloudiness,Wind Speed,Country,Date
Tuktoyaktuk,69.4541,-133.0374,16.12,94,100,10.25,CA,1636808017
Mataura,-46.1927,168.8643,46.96,100,100,1.12,NZ,1636808018
Gorontalo,0.5412,123.0595,75.83,95,98,3.98,ID,1636807771
Calamar,10.2511,-74.9146,78.75,78,99,6.46,CO,1636808021
Yellowknife,62.456,-114.3525,27.41,95,90,12.66,CA,1636808022
Turtas,58.9417,69.1325,28.6,95,100,6.22,RU,1636808024
Chokurdakh,70.6333,147.9167,-3.28,90,100,8.97,RU,1636808025
Lebu,-37.6167,-73.65,53.22,73,38,8.3,CL,1636808029
Busselton,-33.65,115.3333,63.05,56,0,14.99,AU,1636808030
Ancud,-41.8697,-73.8203,49.53,90,100,9.28,CL,1636808032
Pueblo Nuevo,23.3833,-105.3833,49.69,67,2,8.21,MX,1636808033
Vaini,-21.2,-175.2,75.36,94,40,5.75,TO,1636808035
Ushuaia,-54.8,-68.3,51.46,62,20,3.44,AR,1636808012
New Norfolk,-42.7826,147.0587,45.9,71,38,1.01,AU,1636808037
East London,-33.0153,27.9116,74.34,56,0,17.27,ZA,1636808039
Leeton,-34.5667,146.4,53.65,62,75,9.22,AU,1636808040
Alibag,18.6411,72.8792,87.87,70,4,11.5,IN,1636808041
Punta Alta,-38.8759,-62.0736,68.59,53,100,9.06,AR,1636808043
Neryungri,56.6709,124.6491,3.56,95,95,6.22,RU,1636808044
Kahului,20.8947,-156.47,70.68,74,1,3.44,US,1636807911
Hobart,-42.8794,147.3294,46.26,89,20,1.01,AU,1636808023
Snåase,64.2457,12.3778,32.04,83,100,2.73,NO,1636808049
Bluff,-46.6,168.3333,48.78,88,100,9.75,NZ,1636808050
Inuvik,68.3499,-133.7218,16.81,92,90,9.22,CA,1636808051
Lagos,6.5833,3.75,89.92,67,80,7.4,NG,1636807901
Kumba,4.6363,9.4469,89.71,53,100,2.77,CM,1636808054
Tanout,14.9709,8.8879,93.58,8,100,7.0,NE,1636808056
Esperance,-33.8667,121.9,49.84,69,14,11.45,AU,1636808057
Maragogi,-9.0122,-35.2225,84.36,61,19,9.82,BR,1636808058
Saskylakh,71.9167,114.0833,-17.64,85,20,6.64,RU,1636808060
Yaan,7.3833,8.5667,94.75,40,100,0.6,NG,1636808062
Djibouti,11.5,42.5,83.62,43,0,20.04,DJ,1636808064
Grand Gaube,-20.0064,57.6608,81.37,68,11,5.01,MU,1636808065
Yiyang,28.5892,112.3283,58.55,60,72,0.6,CN,1636808066
Rikitea,-23.1203,-134.9692,72.43,73,100,7.96,PF,1636808070
Man,7.4125,-7.5538,84.6,65,90,2.86,CI,1636808071
Mahébourg,-20.4081,57.7,81.25,69,40,11.5,MU,1636808073
Puerto Ayora,-0.7393,-90.3518,67.64,83,100,10.25,EC,1636808074
Merke,42.8728,73.1786,45.86,58,99,3.44,KZ,1636808075
Albany,42.6001,-73.9662,48.72,88,77,3.0,US,1636807804
Bredasdorp,-34.5322,20.0403,71.28,47,83,19.19,ZA,1636808078
Thompson,55.7435,-97.8558,21.36,86,90,4.61,CA,1636808079
Kuopio,62.8924,27.677,33.75,80,90,5.75,FI,1636808081
Progreso,21.2833,-89.6667,74.1,82,20,10.8,MX,1636808082
Godfrey,38.9556,-90.1868,36.61,74,90,1.01,US,1636808083
Avarua,-21.2078,-159.775,77.05,88,75,9.22,CK,1636808085
Adrar,20.5022,-10.0711,85.39,27,11,7.14,MR,1636808086
Middelkerke,51.1558,2.8418,55.22,91,75,14.97,BE,1636808087
Bucerías,20.75,-105.3333,74.98,90,0,3.65,MX,1636808009
Butaritari,3.0707,172.7902,82.22,75,91,14.25,KI,1636808090
La Macarena,2.1837,-73.7849,79.99,69,100,2.82,CO,1636808091
Kavaratti,10.5669,72.642,82.04,76,97,10.07,IN,1636808093
Khon Buri,14.5254,102.2459,71.33,86,67,4.92,TH,1636808094
Conway,35.0887,-92.4421,36.28,76,1,3.44,US,1636807936
Provideniya,64.3833,-173.3,21.7,96,96,2.91,RU,1636808097
Linares,-35.85,-71.6,58.51,55,1,6.2,CL,1636808098
Peruíbe,-24.32,-46.9983,69.98,63,33,9.1,BR,1636808101
Bayir,37.2687,28.2167,64.92,40,11,5.03,TR,1636808102
Chimbote,-9.0853,-78.5783,62.53,87,96,4.61,PE,1636808104
Dzhuryn,49.0329,25.5839,52.25,68,100,13.09,UA,1636808105
Cabo San Lucas,22.8909,-109.9124,74.52,81,15,6.02,MX,1636807823
Jamestown,42.097,-79.2353,36.52,90,90,8.99,US,1636808007
Airai,-8.9266,125.4092,63.3,92,100,1.81,TL,1636808109
Chui,-33.6971,-53.4616,68.5,54,30,15.86,UY,1636807870
Hilo,19.7297,-155.09,71.26,72,57,3.47,US,1636808077
Kangaatsiaq,68.3065,-53.4641,8.94,96,100,11.1,GL,1636808112
Mar del Plata,-38.0023,-57.5575,64.42,79,75,28.99,AR,1636808028
Musiri,10.9333,78.45,82.44,84,100,6.02,IN,1636808115
Bengkulu,-3.8004,102.2655,77.05,89,100,5.19,ID,1636808116
Rassvet,46.8333,40.75,50.05,63,2,4.47,RU,1636808118
Emerald,-23.5333,148.1667,68.14,42,0,9.22,AU,1636808119
Turukhansk,65.8167,87.9833,11.82,94,100,12.68,RU,1636808120
Kapaa,22.0752,-159.319,71.92,59,20,5.75,US,1636808122
Flinders,-34.5833,150.8552,61.21,86,78,1.01,AU,1636808124
Kashgar,39.4547,75.9797,42.01,42,72,4.47,CN,1636808126
Shimoda,34.6667,138.95,55.11,60,100,8.48,JP,1636808127
Duluth,46.7833,-92.1066,32.59,74,90,9.22,US,1636808129
Tyrma,50.0833,132.1667,13.48,98,95,1.59,RU,1636808130
Iqaluit,63.7506,-68.5145,1.13,77,20,13.0,CA,1636808131
Povenets,62.8487,34.8262,30.58,80,23,5.44,RU,1636808133
Tezu,27.9167,96.1667,65.17,53,0,4.52,IN,1636808134
Barrow,71.2906,-156.7887,15.82,73,90,8.05,US,1636807928
Gravdal,68.1214,13.5031,35.28,72,100,15.1,NO,1636808138
Isangel,-19.55,169.2667,75.31,88,8,6.91,VU,1636808139
Mana,5.6592,-53.7767,81.99,77,51,5.57,GF,1636808141
La Asuncion,11.0333,-63.8628,78.53,100,89,8.05,VE,1636808142
Rudnichnyy,59.617,52.4703,28.58,95,98,7.02,RU,1636808143
Tasiilaq,65.6145,-37.6368,23.25,94,100,11.59,GL,1636808145
Lompoc,34.6391,-120.4579,69.57,71,1,12.66,US,1636808146
Roald,62.5833,6.1333,48.33,81,75,6.91,NO,1636808148
Hofn,64.2539,-15.2082,43.61,97,100,16.2,IS,1636808149
Mount Isa,-20.7333,139.5,62.37,51,7,6.91,AU,1636808151
Blackfoot,43.1905,-112.345,51.76,71,100,11.97,US,1636807889
Wajima,37.4,136.9,56.8,64,28,14.56,JP,1636808154
Kushmurun,52.4503,64.6311,29.48,71,100,22.01,KZ,1636808155
Mahibadhoo,3.7833,72.9667,81.88,82,43,20.11,MV,1636808157
Caucayá,-0.1934,-74.7819,79.2,68,94,1.21,CO,1636808158
Kalemie,-5.9475,29.1947,88.09,38,93,7.07,CD,1636808159
Khatanga,71.9667,102.5,-24.32,95,36,4.05,RU,1636808161
Aklavik,68.2191,-135.0107,14.83,89,100,14.58,CA,1636808162
Taltal,-25.4,-70.4833,64.31,68,22,4.59,CL,1636808164
San Miguel de Cozumel,20.5083,-86.9458,78.94,90,25,5.01,MX,1636808165
Kaitangata,-46.2817,169.8464,48.72,96,100,6.08,NZ,1636808168
Bathsheba,13.2167,-59.5167,83.01,69,75,19.57,BB,1636808170
Pevek,69.7008,170.3133,6.35,96,90,4.45,RU,1636808172
Mata de São João,-12.5303,-38.2992,82.15,48,100,5.39,BR,1636808173
Dingle,10.9995,122.6711,77.54,90,100,6.17,PH,1636808174
Little Current,45.9793,-81.9248,39.25,75,100,10.4,CA,1636808176
Manggar,-2.8833,108.2667,80.6,78,100,1.5,ID,1636808177
Coquimbo,-29.9533,-71.3436,56.93,88,40,2.3,CL,1636808178
Tura,25.5198,90.2201,62.98,87,0,2.44,IN,1636808180
Aragarças,-15.8975,-52.2508,74.05,100,75,0.0,BR,1636808181
Longyearbyen,78.2186,15.6401,12.04,62,40,18.41,SJ,1636808182
Turaif,31.6725,38.6637,71.85,24,0,16.11,SA,1636808184
Dikson,73.5069,80.5464,5.38,94,100,15.41,RU,1636808185
Ponta do Sol,32.6667,-17.1,72.23,58,41,0.87,PT,1636808186
Puerto Escondido,15.85,-97.0667,72.43,78,1,9.22,MX,1636808188
Faanui,-16.4833,-151.75,78.85,71,86,11.12,PF,1636808189
Wahiawā,21.5028,-158.0236,70.47,82,92,2.46,US,1636808191
San Patricio,28.017,-97.5169,65.84,44,0,8.37,US,1636808192
Muros,42.7762,-9.0603,68.23,63,18,1.59,ES,1636808193
George Town,5.4112,100.3354,76.98,94,40,3.0,MY,1636807932
Bethanien,-26.502,17.1583,94.89,10,77,7.49,NA,1636808197
Yangi Marg`ilon,40.4272,71.7189,52.52,50,100,4.61,UZ,1636808198
Souillac,-20.5167,57.5167,81.36,69,40,11.5,MU,1636808200
Loudi,27.7344,111.9944,56.97,59,16,1.54,CN,1636808202
Castro,-24.7911,-50.0119,62.94,62,6,7.31,BR,1636808204
Peniche,39.3558,-9.3811,73.62,69,100,3.36,PT,1636808205
Madang,-5.2246,145.7966,78.22,87,55,1.72,PG,1636808206
Chardara,41.2547,67.9692,51.37,48,99,5.35,KZ,1636808208
Qaanaaq,77.484,-69.3632,-7.65,57,0,8.63,GL,1636808209
Finschhafen,-6.6024,147.8681,81.09,82,17,3.36,PG,1636808211
Atoka,34.4001,-96.0169,37.38,61,9,4.41,US,1636808212
Alofi,-19.0595,-169.9187,69.69,94,63,1.14,NU,1636808215
Klaksvík,62.2266,-6.589,47.32,96,100,16.73,FO,1636808216
Surovikino,48.6078,42.8486,49.84,59,8,12.21,RU,1636808218
Nyurba,63.2842,118.3319,-7.37,96,95,3.62,RU,1636808219
Saldanha,-33.0117,17.9442,66.18,77,100,15.3,ZA,1636808220
Baghdad,33.3406,44.4009,73.31,35,0,10.36,IQ,1636808222
Saint Paul Harbor,57.79,-152.4072,21.42,75,24,8.95,US,1636808223
Zemio,5.0314,25.1361,86.52,51,70,4.47,CF,1636808224
Chingirlau,51.095,54.0814,33.6,92,100,18.95,KZ,1636808226
Hithadhoo,-0.6,73.0833,81.43,79,98,11.41,MV,1636808227
Punta Arenas,-53.15,-70.9167,51.82,66,40,10.36,CL,1636808148
Port Blair,11.6667,92.75,80.02,78,100,4.34,IN,1636808138
Barcelona,41.3888,2.159,70.32,62,20,3.0,ES,1636808204
Odienné,9.51,-7.5692,84.9,33,76,5.99,CI,1636808232
Kruisfontein,-34.0033,24.7314,74.88,57,100,24.94,ZA,1636808233
Port Augusta,-32.5,137.7667,53.71,81,13,11.27,AU,1636808235
Havre-St-Pierre,50.2334,-63.5986,37.4,100,90,9.22,CA,1636808236
Xichang,27.8964,102.2634,47.79,87,44,1.86,CN,1636808237
Gamba,-2.65,10.0,74.88,91,100,5.5,GA,1636808239
La Roche-sur-Yon,46.6667,-1.4333,57.47,82,90,10.36,FR,1636808240
Chapais,49.7834,-74.8492,33.58,91,100,10.18,CA,1636808241
Torbay,47.6666,-52.7314,34.57,84,90,6.91,CA,1636808243
Guerrero Negro,27.9769,-114.0611,66.4,46,100,5.39,MX,1636808244
Jumla,29.2747,82.1838,45.61,54,0,4.5,NP,1636808070
Saint-Philippe,-21.3585,55.7679,81.95,76,23,11.05,RE,1636808247
Mizdah,31.4451,12.9801,69.75,55,100,15.7,LY,1636808248
Yenagoa,4.9247,6.2642,85.14,70,100,2.46,NG,1636808249
Hamilton,39.1834,-84.5333,36.79,82,94,1.01,US,1636808251
Sept-Îles,50.2001,-66.3821,35.06,97,90,5.99,CA,1636808252
Tamiahua,21.2667,-97.45,68.14,86,0,6.35,MX,1636808253
Pisco,-13.7,-76.2167,64.02,88,90,2.3,PE,1636808256
Zhangzhou,24.5133,117.6556,66.15,79,88,2.77,CN,1636808257
Hays,30.0502,-98.0336,47.79,55,3,5.53,US,1636808260
Hasaki,35.7333,140.8333,45.0,51,100,6.33,JP,1636808261
Upernavik,72.7868,-56.1549,10.71,91,100,12.39,GL,1636808263
Kalmar,56.6616,16.3616,48.15,98,90,8.05,SE,1636808265
Nikolskoye,59.7035,30.7861,39.87,92,61,3.91,RU,1636808267
Husavik,66.0449,-17.3389,40.91,88,100,21.56,IS,1636808235
Kiryat Gat,31.61,34.7642,84.88,18,100,3.71,IL,1636808162
Cherskiy,68.75,161.3,10.31,96,100,2.89,RU,1636808272
Wamba,8.9333,8.6,92.88,31,100,4.63,NG,1636808274
Chililabombwe,-12.3648,27.8229,91.72,22,48,5.19,ZM,1636808275
Faya,18.3851,42.4509,77.11,30,4,4.88,SA,1636808277
Ribeira Grande,38.5167,-28.7,66.6,72,75,8.05,PT,1636808278
Urengoy,65.9667,78.3667,10.2,96,100,6.31,RU,1636808279
Fort Nelson,58.8053,-122.7002,18.99,93,90,3.44,CA,1636808281
Florø,61.5996,5.0328,53.67,71,90,4.61,NO,1636808282
Geraldton,-28.7667,114.6,64.13,77,99,5.75,AU,1636808285
Samarai,-10.6167,150.6667,82.11,83,100,5.01,PG,1636808286
Port Alfred,-33.5906,26.891,70.39,69,41,20.74,ZA,1636808287
Naze,28.3667,129.4833,61.05,67,100,6.6,JP,1636808289
Carnarvon,-24.8667,113.6333,71.67,78,0,17.27,AU,1636808291
Loíza,18.4313,-65.8802,86.97,90,45,12.35,PR,1636808293
Nísia Floresta,-6.0911,-35.2086,86.81,54,100,13.18,BR,1636808295
Saint George,37.1041,-113.5841,61.36,43,3,2.86,US,1636808176
Umeå,63.8284,20.2597,31.93,80,0,4.61,SE,1636808298
San Jose,37.3394,-121.895,61.92,79,90,0.0,US,1636808221
Lewisville,33.0462,-96.9942,41.67,76,8,4.97,US,1636808300
Bethel,41.3712,-73.414,54.48,96,20,0.0,US,1636808302
Westport,41.1415,-73.3579,56.08,88,0,1.99,US,1636808154
Garden City,42.3256,-83.331,37.89,86,90,16.11,US,1636808173
Kodinsk,58.6881,99.1844,14.81,94,100,4.21,RU,1636808305
Nome,64.5011,-165.4064,4.95,94,61,4.65,US,1636808307
Arraial do Cabo,-22.9661,-42.0278,67.86,77,75,3.44,BR,1636808308
Powell River,49.8496,-124.5361,48.2,83,100,0.29,CA,1636808310
Broken Hill,-31.95,141.4333,56.91,62,90,5.75,AU,1636808311
Mayo,38.8876,-76.5119,55.94,86,100,1.01,US,1636808312
Takaka,-40.85,172.8,58.55,91,41,6.55,NZ,1636808314
Bahir Dar,11.5936,37.3908,72.64,57,62,8.48,ET,1636808315
Walvis Bay,-22.9575,14.5053,64.09,56,42,10.63,NA,1636808316
Beipiao,41.7919,120.7792,31.35,81,11,3.47,CN,1636808318
Lagoa,39.05,-27.9833,64.44,76,100,12.59,PT,1636808319
Usinsk,65.9939,57.5281,11.75,93,66,10.94,RU,1636808321
Cape Town,-33.9258,18.4232,77.11,48,40,5.99,ZA,1636808322
Grindavik,63.8424,-22.4338,46.87,81,75,49.48,IS,1636808323
Bandarbeyla,9.4942,50.8122,80.51,67,100,17.34,SO,1636808325
Egvekinot,66.3167,-179.1667,1.33,94,81,2.8,RU,1636808326
Makhachkala,42.9764,47.5024,53.58,49,1,7.49,RU,1636808329
Berdychiv,49.8993,28.6024,48.15,48,16,9.28,UA,1636808330
Leshukonskoye,64.8989,45.7622,20.1,94,51,4.21,RU,1636808332
Haines Junction,60.7522,-137.5108,15.75,86,100,4.61,CA,1636808333
Hermanus,-34.4187,19.2345,71.8,71,84,13.53,ZA,1636808334
Vila Velha,-20.3297,-40.2925,69.75,88,90,7.0,BR,1636808206
Kuytun,54.3419,101.5036,20.98,97,79,3.38,RU,1636808338
Banda Aceh,5.5577,95.3222,80.33,80,100,9.4,ID,1636808339
Moerai,-22.4333,-151.3333,74.05,72,100,7.65,PF,1636808341
Salalah,17.0151,54.0924,81.68,53,2,6.22,OM,1636808342
Kjøpsvik,68.097,16.3742,41.16,89,100,8.14,NO,1636808344
Huarmey,-10.0681,-78.1522,64.9,81,90,6.6,PE,1636808345
Estelle,29.8458,-90.1067,54.0,62,0,3.0,US,1636808346
Cocobeach,1.0002,9.5823,85.93,77,44,8.99,GA,1636808348
Atuona,-9.8,-139.0333,77.41,69,32,15.84,PF,1636808349
Milledgeville,33.0801,-83.2321,50.49,71,0,7.9,US,1636808331
Kadom,54.5592,42.4675,35.8,80,100,9.24,RU,1636808352
Barsovo,61.1667,73.1667,23.13,94,98,5.01,RU,1636808353
Cayenne,4.9333,-52.3333,86.09,76,75,3.0,GF,1636808260
Khāsh,28.2211,61.2158,66.45,15,0,4.99,IR,1636808357
Jalor,25.35,72.6167,77.83,20,5,6.15,IN,1636808359
Abhā,18.2164,42.5053,76.82,7,0,9.22,SA,1636808361
Matagami,49.7502,-77.6328,32.11,97,90,6.91,CA,1636808362
Homer,59.6425,-151.5483,17.76,88,99,8.43,US,1636808363
Half Moon Bay,37.4636,-122.4286,61.97,93,40,0.0,US,1636808365
Rivera,-30.9053,-55.5508,70.34,62,0,12.62,UY,1636808366
Semnan,35.5729,53.3971,54.46,42,0,1.63,IR,1636808368
Tuatapere,-46.1333,167.6833,46.81,96,100,2.35,NZ,1636808369
Leningradskiy,69.3833,178.4167,12.16,96,100,3.78,RU,1636808372
Anzio,41.4853,12.6179,69.49,70,91,4.14,IT,1636808373
Kabinda,-6.1333,24.4833,82.65,61,100,3.04,CD,1636808374
Arman',59.7,150.1667,37.02,95,100,7.29,RU,1636808376
Hervey Bay,-25.2986,152.8535,69.03,56,0,6.67,AU,1636808377
Smithers,54.7804,-127.1743,32.32,93,90,4.61,CA,1636808123
Yaritagua,10.08,-69.1261,70.86,68,96,3.38,VE,1636808380
Caravelas,-17.7125,-39.2481,69.48,90,100,11.3,BR,1636808381
Paamiut,61.994,-49.6678,8.89,74,1,7.27,GL,1636808382
Isiro,2.7739,27.616,72.18,92,100,1.9,CD,1636808384
Ankara,39.9199,32.8543,54.52,40,99,2.08,TR,1636808372
Río Gallegos,-51.6226,-69.2181,57.25,38,75,9.22,AR,1636808236
Gazli,40.1333,63.45,48.47,32,42,8.08,UZ,1636808387
Fray Bentos,-33.1325,-58.2956,71.73,57,0,16.71,UY,1636808389
Dalen,52.6992,6.7556,53.89,92,96,1.01,NL,1636808391
Forsytheganj,52.6333,29.7333,42.22,71,23,4.18,BY,1636808393
Gao,16.6362,1.637,92.73,6,100,7.36,ML,1636808394
Lagunas,-5.2269,-75.6753,73.22,98,100,0.07,PE,1636808396
Cidreira,-30.1811,-50.2056,68.76,63,15,17.45,BR,1636808397
Lourdes,43.1,-0.05,63.93,76,90,5.75,FR,1636808398
La Roda,39.2167,-2.15,63.79,40,6,9.1,ES,1636808400
Port Elizabeth,-33.918,25.5701,76.1,67,100,21.85,ZA,1636808402
Kasama,-10.2129,31.1808,91.31,19,75,6.58,ZM,1636808406
Ilulissat,69.2167,-51.1,-8.0,74,36,6.96,GL,1636808411
Yining,29.0361,114.5636,51.67,57,99,1.36,CN,1636808412
Balkhash,46.844,74.9804,37.33,55,18,8.3,KZ,1636808416
College,64.8569,-147.8028,0.9,83,98,1.14,US,1636808417
Taungdwingyi,20.0167,95.55,78.13,78,47,4.21,MM,1636808418
Rawson,-43.3002,-65.1023,63.45,75,100,10.96,AR,1636808343
Ourinhos,-22.9789,-49.8706,73.67,37,100,9.53,BR,1636808421
Lüderitz,-26.6481,15.1594,75.74,54,9,20.38,NA,1636808423
Priekule,56.4468,21.5897,43.99,77,100,7.76,LV,1636808424
Clifton Springs,-38.15,144.5667,52.95,81,100,1.99,AU,1636808426
Mokhsogollokh,61.4681,128.9203,-9.08,99,38,3.47,RU,1636808427
Lorengau,-2.0226,147.2712,80.89,82,28,4.83,PG,1636808430
Te Anau,-45.4167,167.7167,45.03,98,100,0.74,NZ,1636808431
Flin Flon,54.7682,-101.865,24.64,93,90,9.22,CA,1636808433
Ust'-Koksa,50.2696,85.6108,20.16,93,56,1.95,RU,1636808434
Norman Wells,65.282,-126.8329,8.64,72,75,10.36,CA,1636808230
Idlib,35.9306,36.6339,69.33,19,26,13.06,SY,1636808436
Avera,33.194,-82.5271,50.72,66,0,8.48,US,1636808438
Los Llanos de Aridane,28.6585,-17.9182,67.75,78,75,1.99,ES,1636808439
Shrewsbury,52.7101,-2.7521,56.3,83,36,11.83,GB,1636808215
Kadoma,34.7333,135.5833,53.19,61,100,4.09,JP,1636808442
Zabaykal'sk,49.6333,117.3167,25.57,68,55,9.57,RU,1636808443
Mendoza,-32.8908,-68.8272,77.14,45,0,15.99,AR,1636808445
Inta,66.0317,60.1659,4.77,99,97,5.5,RU,1636808446
Pochutla,15.7432,-96.4661,71.42,51,0,4.41,MX,1636808448
Green Valley,31.8543,-110.9937,65.5,22,0,4.43,US,1636808449
Palmer,42.1584,-72.3287,46.89,85,0,1.9,US,1636808451
Sarangani,5.4033,125.4636,84.02,74,100,10.42,PH,1636808452
Kudahuvadhoo,2.6708,72.8944,82.56,77,100,19.86,MV,1636808453
Ngorongoro,-3.2397,35.4875,69.04,35,82,9.64,TZ,1636808455
Mimongo,-1.6195,11.6068,78.6,86,79,5.08,GA,1636808456
Road Town,18.4167,-64.6167,82.0,75,20,17.87,VG,1636808425
Kokopo,-4.352,152.2633,78.31,85,90,2.75,PG,1636808459
Qaqortoq,60.7167,-46.0333,14.5,78,1,2.15,GL,1636808461
Piancó,-7.1981,-37.9292,90.05,40,17,5.82,BR,1636808462
Ossora,59.2353,163.0719,35.71,99,100,8.1,RU,1636808464
Dauphin,51.1494,-100.0502,24.94,86,90,9.22,CA,1636808465
Santa Rosa,14.3122,121.1114,83.1,77,53,8.19,PH,1636808467
Kultuk,51.7208,103.6956,31.62,88,100,3.31,RU,1636808468
Surin,14.8818,103.4936,72.05,74,99,11.34,TH,1636808457
Narsaq,60.9167,-46.05,14.22,72,0,4.41,GL,1636808471
Katsuura,35.1333,140.3,58.1,62,100,8.01,JP,1636808472
Wakema,16.6,95.1833,77.83,85,28,5.37,MM,1636808474
Balkanabat,39.5108,54.3671,54.25,44,16,3.71,TM,1636808475
Clyde River,70.4692,-68.5914,-3.91,92,42,4.76,CA,1636808476
Chipinge,-20.1883,32.6236,71.08,66,100,5.7,ZW,1636808478
Yatou,37.15,122.3833,49.33,53,0,6.11,CN,1636808479
Vanavara,60.34,102.2797,-3.44,100,100,2.86,RU,1636808481
Lere,10.387,8.5726,93.31,13,57,4.34,NG,1636808482
Los Arabos,22.7281,-80.7214,74.89,83,17,3.04,CU,1636808483
Guérande,47.3291,-2.4283,57.61,80,100,11.21,FR,1636808485
Rocha,-34.4833,-54.3333,68.85,52,0,15.61,UY,1636808486
Beloeil,45.5668,-73.1992,45.25,94,75,3.0,CA,1636808488
Kodār,16.9833,79.9667,75.76,94,100,6.49,IN,1636808489
Codrington,-38.2667,141.9667,41.85,94,27,9.53,AU,1636808490
Cabinda,-5.55,12.2,84.0,69,90,12.3,AO,1636808492
San Vicente,-26.6167,-54.1333,75.99,45,0,5.66,AR,1636808493
Mossamedes,-15.1961,12.1522,76.75,69,24,13.29,AO,1636808495
Shitanjing,39.2342,106.3439,35.42,25,0,6.29,CN,1636808496
Batagay-Alyta,67.8006,130.4114,-10.08,100,100,2.15,RU,1636808498
Bonanza,14.0289,-84.591,71.96,98,100,2.24,NI,1636808427
Ust'-Kut,56.7938,105.7672,8.65,98,67,2.06,RU,1636808501
Vung Tau,10.346,107.0843,81.75,81,100,18.9,VN,1636808503
Aksarka,66.5606,67.7975,4.03,98,58,5.59,RU,1636808504
Bonthe,7.5264,-12.505,89.24,58,76,3.24,SL,1636808506
Bongandanga,1.5,21.05,82.63,63,60,5.75,CD,1636808507
Hualmay,-11.0964,-77.6139,64.42,81,100,7.99,PE,1636808509
Frankfort,-27.2667,28.4833,88.84,11,19,15.77,ZA,1636808418
São José da Coroa Grande,-8.8978,-35.1478,84.29,62,9,9.4,BR,1636808511
Cam Ranh,11.9214,109.1591,75.16,100,75,3.44,VN,1636808513
Diamantina,-18.2494,-43.6003,58.69,89,100,7.14,BR,1636808514
Dalvik,65.9702,-18.5286,40.93,85,87,13.31,IS,1636808516
Watertown,42.3709,-71.1828,51.58,87,1,0.0,US,1636808517
Talnakh,69.4865,88.3972,9.54,84,100,16.64,RU,1636808519
Katangli,51.7102,143.2326,26.33,83,67,8.55,RU,1636808520
Porirua,-41.1333,174.85,61.56,70,66,1.99,NZ,1636808521
Vestmannaeyjar,63.4427,-20.2734,45.59,100,90,46.04,IS,1636808523
Bonavista,48.6499,-53.1147,37.11,74,100,12.3,CA,1636808525
Omsukchan,62.5333,155.8,21.72,97,100,0.96,RU,1636808526
Concarneau,47.875,-3.9225,58.82,74,89,9.75,FR,1636808527
Klyuchi,52.2667,79.1667,32.92,57,100,10.67,RU,1636808529
Vao,-22.6667,167.4833,75.2,88,84,11.39,NC,1636808530
Sitka,57.0531,-135.33,39.09,81,90,8.05,US,1636808532
Punta Cardon,11.6581,-70.215,81.07,71,72,14.85,VE,1636808534
Skara,58.3866,13.4384,43.72,86,100,8.21,SE,1636808536
Havelock,34.8791,-76.9013,60.94,84,0,7.11,US,1636808537
Harper,4.375,-7.7169,82.09,74,98,5.79,LR,1636808538
Ponta Delgada,37.7333,-25.6667,74.5,82,40,19.57,PT,1636808540
Tiksi,71.6872,128.8694,-9.74,100,100,3.85,RU,1636808541
Gizo Government Station,-8.103,156.8419,82.08,77,68,3.85,SB,1636808542
Krasnosel'kup,65.7,82.4667,9.9,95,100,9.6,RU,1636808544
Saint-André-Avellin,45.7168,-75.066,38.82,96,100,2.8,CA,1636808461
Lensk,60.7253,114.9278,4.44,96,100,2.33,RU,1636808546
Nishihara,26.1842,127.7558,66.25,91,90,8.05,JP,1636808548
La Ronge,55.1001,-105.2842,23.11,80,73,10.22,CA,1636808549
Balfour,-26.6633,28.5902,87.51,13,100,11.32,ZA,1636808551
Meulaboh,4.1363,96.1285,79.16,80,100,2.84,ID,1636808552
Pechora,65.1472,57.2244,17.71,95,97,7.0,RU,1636808555
Mosquera,4.7059,-74.2302,56.1,83,100,1.81,CO,1636808556
Manokwari,-0.8667,134.0833,79.9,82,90,1.48,ID,1636808559
Proletarsk,46.7031,41.7192,50.22,54,4,7.96,RU,1636808560
Burgeo,47.6167,-57.6152,42.3,82,100,21.88,CA,1636808470
Benghazi,32.1167,20.0667,72.05,54,100,6.44,LY,1636808423
Sudzha,51.1976,35.2726,41.94,66,24,6.2,RU,1636808564
Arrondissement du Havre,49.5833,0.3333,55.8,71,90,14.97,FR,1636808565
Dolores,-36.3132,-57.6792,69.21,51,16,19.77,AR,1636808402
Bilibino,68.0546,166.4372,11.8,96,100,4.5,RU,1636808568
Yulara,-25.2406,130.9889,66.9,32,0,9.22,AU,1636808569
Kidal,18.4411,1.4078,89.89,7,92,7.09,ML,1636808571
Goundi,9.3627,17.366,101.39,18,47,1.43,TD,1636808572
Le Mars,42.7942,-96.1656,27.3,86,90,4.61,US,1636808574
Belle Fourche,44.6714,-103.8522,60.08,39,100,11.01,US,1636808575
Riverton,40.5219,-111.9391,52.38,71,1,5.01,US,1636808412
Cervo,43.6702,-7.4101,62.19,75,8,6.58,ES,1636808579
Havøysund,70.9963,24.6622,35.83,95,100,18.25,NO,1636808580
Kulhudhuffushi,6.6221,73.07,82.06,81,98,25.46,MV,1636808581
Victoria Point,-27.5833,153.3,67.17,62,0,1.01,AU,1636808583
Paracuru,-3.41,-39.0306,87.82,58,100,12.44,BR,1636808572
Iralaya,15.0,-83.2333,77.09,85,46,5.97,HN,1636808585
Acapulco de Juárez,16.8634,-99.8901,73.22,83,1,8.05,MX,1636808564
Montrose,38.4166,-108.2673,32.36,71,6,1.92,US,1636808392
Amarillo,35.222,-101.8313,42.1,53,5,4.0,US,1636808388
Lavrentiya,65.5833,-171.0,16.03,96,99,3.47,RU,1636808591
Labuhan,-6.8844,112.2051,81.01,81,100,4.34,ID,1636808593
Severo-Kuril'sk,50.6789,156.125,40.37,93,100,11.63,RU,1636808594
Cartagena del Chairá,1.3349,-74.8429,79.79,67,65,0.81,CO,1636808595
Necochea,-38.5473,-58.7368,68.85,50,100,20.11,AR,1636808416
Takoradze,4.8845,-1.7554,84.87,67,57,7.25,GH,1636808598
Rome,43.2128,-75.4557,48.67,86,90,8.05,US,1636808523
Istiaia,38.9558,23.1528,62.65,72,73,4.12,GR,1636808601
Skellefteå,64.7507,20.9528,28.76,64,75,5.75,SE,1636808602
Garça,-22.2106,-49.6561,71.02,45,100,11.12,BR,1636808603
Bambous Virieux,-20.3428,57.7575,81.21,72,6,10.78,MU,1636808605
Yangambi,0.8102,24.4336,78.19,73,99,3.83,CD,1636808606
Ciudad Barrios,13.7667,-88.2667,64.15,87,29,2.46,SV,1636808430
Severomuysk,56.1481,113.4267,0.48,97,71,3.31,RU,1636808609
Palimbang,6.2106,124.1894,79.11,86,100,2.91,PH,1636808610
Maningrida,-12.0667,134.2667,79.25,78,100,11.12,AU,1636808611
Winchester,51.0651,-1.3187,56.77,73,75,4.0,GB,1636808528
Qian’an,44.9932,124.0581,27.75,86,6,8.46,CN,1636808614
Nouadhibou,20.931,-17.0347,70.38,63,0,4.68,MR,1636808615
Wana,32.2989,69.5725,58.98,14,0,3.22,PK,1636808617
La Palma,33.8464,-118.0467,77.94,41,1,0.0,US,1636808618
Petropavlovsk-Kamchatskiy,53.0452,158.6483,35.94,98,100,4.47,RU,1636808605
Verkhnyaya Sinyachikha,57.976,61.6673,24.01,95,100,2.26,RU,1636808621
Mehamn,71.0357,27.8492,35.78,80,99,17.65,NO,1636808589
Bilma,18.6853,12.9164,94.41,10,43,13.04,NE,1636808623
São Filipe,14.8961,-24.4956,75.65,72,42,8.46,CV,1636808625
Vysokogornyy,50.1167,139.15,22.82,91,100,8.93,RU,1636808626
Timmins,48.4669,-81.3331,31.82,93,90,6.91,CA,1636808507
Oranjemund,-28.55,16.4333,69.44,66,5,25.61,NA,1636808629
Sorong,-0.8833,131.25,81.12,81,100,2.62,ID,1636808630
Hong Kong,22.2855,114.1577,73.38,48,8,1.01,HK,1636808604
Bubaque,11.2833,-15.8333,82.42,63,88,8.03,GW,1636808632
Papara,-3.9839,-38.7273,86.72,45,75,7.43,BR,1636808634
Poum,-20.2333,164.0167,78.57,82,7,9.31,NC,1636808635
Mandalgovi,45.7625,106.2708,30.76,30,10,6.58,MN,1636808638
Teguise,29.0605,-13.564,71.82,43,20,13.8,ES,1636808639
Manaus,-3.1019,-60.025,84.69,84,40,5.75,BR,1636808427
Xining,36.6167,101.7667,30.02,56,29,2.66,CN,1636808642
Rovaniemi,66.5,25.7167,24.21,100,90,6.91,FI,1636808643
Abu Dhabi,24.4667,54.3667,81.84,65,0,14.61,AE,1636808401
Villazón,-22.0866,-65.5942,57.69,43,12,4.85,BO,1636808646
Fortuna,40.5982,-124.1573,57.36,76,90,0.0,US,1636808647
Movila,44.55,27.7,57.51,57,35,6.33,RO,1636808651
Matadi,-5.8167,13.45,89.46,59,95,6.17,CD,1636808652
Uvat,59.1433,68.8953,28.62,96,100,6.11,RU,1636808653
Beloha,-25.1667,45.05,87.37,44,10,15.5,MG,1636808655
Kuril'sk,45.2333,147.8833,44.13,71,65,18.9,RU,1636808656
San-Pédro,4.7485,-6.6363,83.89,70,100,8.05,CI,1636808658
La Bélgica,-17.55,-63.2167,80.89,74,90,5.75,BO,1636808659
Cartagena,10.3997,-75.5144,82.02,74,0,2.3,CO,1636808661
Santa Rita do Passa Quatro,-21.7103,-47.4781,71.08,56,100,5.57,BR,1636808455
San Policarpo,12.1791,125.5072,81.0,84,100,6.6,PH,1636808663
Kampot,10.6167,104.1833,77.05,88,100,5.06,KH,1636808665
Honiara,-9.4333,159.95,78.78,88,16,4.07,SB,1636808604
Kisangani,0.5167,25.2,85.93,50,93,2.15,CD,1636808667
Neya,58.2972,43.8681,31.64,74,100,9.91,RU,1636808668
Jiuquan,39.7432,98.5174,33.21,32,56,2.48,CN,1636808670
Margate,51.3813,1.3862,55.26,82,100,4.0,GB,1636808468
Santa Cruz de Barahona,18.2085,-71.1008,76.82,83,20,6.91,DO,1636808673
Arrondissement de Castres,43.5833,2.1667,58.26,91,90,3.44,FR,1636808674
High Rock,26.6208,-78.2833,75.22,69,35,5.59,BS,1636808675
Kontagora,10.3999,5.4695,97.39,21,65,3.09,NG,1636808677
Laguna,38.421,-121.4238,56.05,96,90,1.01,US,1636808678
Tūkrah,32.5341,20.5791,70.79,62,93,8.46,LY,1636808679
Córdoba,-31.4135,-64.1811,84.6,57,20,23.02,AR,1636808647
Camopi,3.1655,-52.3158,85.86,54,6,2.95,GF,1636808682
Kamenka,51.3223,42.7678,40.21,71,100,14.2,RU,1636808683
Veere,51.5483,3.6667,55.99,69,75,7.0,NL,1636808686
Yanam,16.7333,82.2167,81.0,92,100,7.11,IN,1636808687
Boguchany,58.3814,97.4531,19.06,95,100,3.44,RU,1636808688
Lac du Bonnet,50.2536,-96.0612,14.18,98,98,3.65,CA,1636808690
Bolobo,-2.1667,16.2333,74.61,92,100,4.92,CD,1636808691
Puerto Ayacucho,5.6639,-67.6236,75.76,92,100,2.62,VE,1636808695
Tagusao,9.1924,117.8141,80.24,81,90,1.54,PH,1636808696
Teya,60.3778,92.6267,17.06,94,97,5.79,RU,1636808698
Martapura,-3.4167,114.85,78.89,89,20,3.44,ID,1636808699
Candelaria,13.9311,121.4233,78.39,95,30,5.44,PH,1636808700
Ginda,30.6945,78.4932,50.74,51,0,5.12,IN,1636808702
Ambilobe,-13.2,49.05,86.25,51,68,3.4,MG,1636808703
Zduńska Wola,51.5992,18.9397,42.33,47,100,7.74,PL,1636808705
Luanda,-8.8368,13.2343,81.1,73,73,12.84,AO,1636808706
Assiniboia,49.6334,-105.9845,36.46,83,97,15.32,CA,1636808707
Shenzhen,22.5455,114.0683,73.27,58,14,7.74,CN,1636808690
Along,28.1667,94.7667,61.43,71,3,1.23,IN,1636808710
Birjand,32.8663,59.2211,56.44,36,17,10.04,IR,1636808711
Lubumbashi,-11.6609,27.4794,89.06,25,75,2.13,CD,1636808681
Baturité,-4.3286,-38.8847,90.36,45,66,6.98,BR,1636808714
Parakan,-6.4191,106.0081,75.92,93,100,3.58,ID,1636808715
Chapada dos Guimarães,-15.4606,-55.7497,74.86,96,100,4.63,BR,1636808717
Prijepolje,43.3719,19.6406,62.19,36,48,0.16,RS,1636808718
Spišské Podhradie,49.0009,20.7531,53.55,47,67,3.87,SK,1636808719
Freeport,40.6576,-73.5832,58.96,70,1,1.99,US,1636808560
Kalianget,-7.05,113.9333,81.72,79,100,7.65,ID,1636808722
Rio Grande,-32.035,-52.0986,71.71,56,61,16.69,BR,1636808723
Kaabong,3.4836,34.1492,80.89,38,81,17.38,UG,1636808725
Billings Metropolitan Area,45.7833,-108.5007,58.77,33,40,16.11,US,1636808726
Srednekolymsk,67.45,153.6833,5.92,97,100,5.21,RU,1636808727
Slave Lake,55.2834,-114.769,40.8,59,100,18.39,CA,1636808470
Wuwei,37.9281,102.6414,33.91,35,4,0.54,CN,1636808730
Deputatsky,69.3,139.9,-5.93,100,100,3.2,RU,1636808731
Luena,-11.7833,19.9167,78.78,45,89,3.2,AO,1636808733
Beibei,29.8256,106.4339,56.37,62,100,3.29,CN,1636808717
Seddon,-37.8068,144.8916,52.79,78,0,1.01,AU,1636808735
Bataiporã,-22.2953,-53.2711,75.38,46,56,10.8,BR,1636808602
Casa Grande,32.8795,-111.7573,64.58,35,1,4.61,US,1636808738
Rūdbār,30.15,62.6,67.32,19,0,4.52,AF,1636808740
Corner Brook,48.9667,-57.9484,39.22,87,100,14.29,CA,1636808742
Mnogovershinnyy,53.9353,139.9242,21.79,88,100,9.91,RU,1636808743
Opuwo,-18.0607,13.84,86.85,27,100,8.46,NA,1636808483
Kafr Abīl,32.4175,35.6694,80.55,18,100,13.8,JO,1636808746
Bac Lieu,9.285,105.7244,79.25,87,91,12.5,VN,1636808747
Port Hedland,-20.3167,118.5667,73.45,64,8,5.75,AU,1636808748
Sinnamary,5.3833,-52.95,83.82,70,53,5.61,GF,1636808474
Belmonte,-15.8631,-38.8828,72.1,92,100,16.51,BR,1636808751
Sikasso,10.9167,-7.0,93.38,13,7,6.58,ML,1636808752
Fuerte Olimpo,-21.0415,-57.8738,89.44,41,69,10.18,PY,1636808754
Bourail,-21.5667,165.4833,78.26,76,39,1.25,NC,1636808755
Khovd,48.0056,91.6419,30.42,41,30,4.65,MN,1636808756
Esim,4.8699,-2.2405,86.65,62,33,5.68,GH,1636808758
Nueva Armenia,15.7956,-86.4985,75.15,92,100,2.84,HN,1636808759
Savonlinna,61.8699,28.88,34.25,93,75,3.44,FI,1636808761
Devils Lake,48.1128,-98.8651,23.11,92,90,11.99,US,1636808762
Paita,-5.0892,-81.1144,66.76,82,39,13.13,PE,1636808763
Tromsø,69.6496,18.957,34.45,93,90,5.99,NO,1636808765
Robertsport,6.7533,-11.3686,82.94,72,100,5.48,LR,1636808766
Dali,25.7,100.1833,52.54,85,18,5.03,CN,1636808768
Kochki,54.3358,80.4806,25.25,89,19,8.95,RU,1636808769
Tomar,39.602,-8.4092,71.89,59,94,1.7,PT,1636808770
Antofagasta,-23.65,-70.4,61.88,67,100,9.13,CL,1636808772
Kurchatov,51.6601,35.6521,41.41,72,18,6.6,RU,1636808773
Ayorou,14.7308,0.9174,96.66,6,100,7.65,NE,1636808774
Bianzhuang,34.8486,118.0447,49.35,54,0,4.29,CN,1636808776
Dedovichi,57.5517,29.9502,38.34,86,100,3.67,RU,1636808777
Broome,42.2506,-75.833,49.86,66,90,5.99,US,1636808779
Jardim,-21.4803,-56.1381,85.48,42,22,11.5,BR,1636808780
Marawi,7.9986,124.2928,67.64,98,100,2.04,PH,1636808782
Wad Medani,14.4012,33.5199,97.29,10,0,5.12,SD,1636808783
Aranos,-24.1333,19.1167,94.73,13,100,3.83,NA,1636808784
Malakal,9.5334,31.6605,99.32,21,35,5.57,SS,1636808787
Kavieng,-2.5744,150.7967,82.2,78,66,11.81,PG,1636808788
Guangyuan,32.442,105.823,50.11,72,4,2.15,CN,1636808790
Zheleznodorozhnyy,55.7503,38.0042,40.35,82,100,8.99,RU,1636808791
Tarko-Sale,64.9225,77.785,11.41,96,95,8.28,RU,1636808792
Toora-Khem,52.4675,96.11,20.16,94,100,2.35,RU,1636808794
Tomball,30.0972,-95.6161,48.38,82,1,0.0,US,1636808670
Touros,-5.1989,-35.4608,88.7,58,27,15.28,BR,1636808576
Riyadh,24.6877,46.7219,78.94,20,6,8.21,SA,1636808797
Lengshuitan,26.4111,111.5956,58.24,66,96,1.1,CN,1636808713
Erenhot,43.6475,111.9767,28.15,66,6,9.6,CN,1636808720
Sobolevo,54.4299,31.8996,39.85,71,100,4.29,RU,1636808801
Golden,39.7555,-105.2211,56.89,50,40,27.63,US,1636808695
Contamana,-7.3333,-75.0167,79.2,78,87,2.13,PE,1636808803
Sexsmith,55.35,-118.786,38.57,59,89,18.77,CA,1636808805
Iskateley,67.6803,53.1512,18.03,84,100,9.51,RU,1636808806
San Cristobal,7.7669,-72.225,71.78,56,97,3.78,VE,1636808807
Chapecó,-27.0964,-52.6183,77.14,48,0,3.22,BR,1636808620
Ulladulla,-35.35,150.4667,55.76,83,100,4.92,AU,1636808810
Pontes e Lacerda,-15.2261,-59.3353,81.77,69,96,4.21,BR,1636808639
Albury,-36.0833,146.9167,50.11,84,100,3.0,AU,1636808711
Stokmarknes,68.5646,14.9108,41.49,93,75,10.36,NO,1636808814
Mezen',65.8522,44.24,23.04,92,48,5.48,RU,1636808815
Quatre Cocos,-20.2078,57.7625,81.09,71,8,10.51,MU,1636808817
Gemeente Wageningen,51.9667,5.6667,56.95,91,75,5.75,NL,1636808818
Biak,-0.9131,122.8766,78.1,84,100,4.61,ID,1636808819
Liverpool,53.4106,-2.9779,57.78,82,40,5.01,GB,1636808821
Douglas,41.3,-96.167,28.51,79,90,1.99,US,1636808593
Saint-Augustin,51.226,-58.6502,31.86,94,100,14.9,CA,1636808823
Itarema,-2.9248,-39.9167,88.39,55,100,10.71,BR,1636808825
Gijang,35.2442,129.2139,53.4,60,100,7.05,KR,1636808826
Zambezi,-13.5432,23.1047,85.35,36,95,5.3,ZM,1636808827
Bulancak,40.9372,38.2291,57.02,72,0,5.75,TR,1636808829
Buraidah,26.326,43.975,80.87,16,15,8.14,SA,1636808830
Mahon,39.8885,4.2658,66.76,72,40,18.41,ES,1636808832
Huambo,-12.7761,15.7392,80.76,38,52,5.86,AO,1636808833
Maniitsoq,65.4167,-52.9,15.06,60,0,8.72,GL,1636808834
Oddur,4.1213,43.8894,91.49,32,86,11.9,SO,1636808836
Ibrā’,22.6906,58.5334,83.86,12,0,9.64,OM,1636808837
Adré,13.4667,22.2,92.98,14,4,5.99,TD,1636808839
Victor Harbor,-35.5667,138.6167,55.72,70,62,14.72,AU,1636808840
Daru,-9.0763,143.2092,80.89,81,100,3.36,PG,1636808841
Chenghai,23.4632,116.768,68.02,68,19,12.84,CN,1636808843
Santa Cruz de la Sierra,-17.8,-63.1667,80.06,74,90,5.75,BO,1636808846
Itacaré,-14.2775,-38.9967,76.73,92,93,10.58,BR,1636808848
Saint-Pierre,-21.3393,55.4781,82.04,74,90,8.05,RE,1636808849
Sørland,67.667,12.6934,40.86,69,100,17.52,NO,1636808851
Susanino,58.1461,41.5872,32.16,89,100,7.34,RU,1636808852
Elizabeth City,36.2946,-76.2511,57.25,95,1,1.99,US,1636808855
Christchurch,-43.5333,172.6333,55.99,89,90,4.0,NZ,1636808574
Sechura,-5.5569,-80.8222,65.25,76,84,11.5,PE,1636808857
Monroe,43.1501,-77.6831,44.96,91,90,5.75,US,1636808714
Curitibanos,-27.2828,-50.5844,64.67,51,0,5.32,BR,1636808860
Itoman,26.1247,127.6694,66.97,90,75,14.97,JP,1636808861
Sorgun,39.8101,35.186,55.02,26,49,1.19,TR,1636808862
Kieta,-6.2167,155.6333,79.75,78,94,0.43,PG,1636808865
Port Hardy,50.6996,-127.4199,44.98,86,100,6.91,CA,1636808866
Sisimiut,66.9395,-53.6735,10.78,79,44,10.87,GL,1636808868
